"node_id","node_name","degree_centrality","closeness_centrality"
1,"暴風",4.00880221091968e-06,0.35546875
2,"強風",5.78013342039582e-06,0.364583333333333
4,"霧或煙",1.18399507159721e-05,0.380208333333333
6,"雨",0.0023568027881872,0.56640625
7,"陰",0.00188283184771474,0.546875
8,"晴",0.0400603334055539,0.630208333333333
9,"日間自然光線",0.0322696458344443,0.631510416666667
10,"晨或暮光",0.00152837914990273,0.55859375
11,"夜間(或隧道、地下道、涵洞)有照明",0.0101521517572165,0.598958333333333
12,"夜間(或隧道、地下道、涵洞)無照明",0.000334688370632596,0.501302083333333
13,"國道",5.96658933718278e-06,0.36328125
14,"省道",1.04415313400699e-05,0.372395833333333
15,"縣道",2.89006671019791e-05,0.41796875
16,"鄉道",4.00880221091968e-06,0.36328125
17,"市區道路",0.0439550245954,0.62890625
18,"村里道路",4.56816996128056e-05,0.427083333333333
19,"專用道路",0.000232976668025309,0.497395833333333
83,"單路部分-高架道路",4.53087877792317e-05,0.397135416666667
84,"單路部分-彎曲路及附近",0.000733237892764727,0.514322916666667
85,"單路部分-坡路",9.22956788095461e-05,0.442708333333333
86,"單路部分-巷弄",0.000105813732776601,0.434895833333333
87,"單路部分-直路",0.0145473838556772,0.60546875
89,"圓環廣場-圓環",8.20406033862632e-06,0.3671875
90,"圓環廣場-廣場",3.9155742525262e-06,0.354166666666667
92,"交岔路-三岔路",0.0092841062366148,0.579427083333333
93,"交岔路-四岔路",0.0172638601073464,0.587239583333333
94,"交岔路-多岔路",0.00206565187412436,0.528645833333333
95,"單路部分-隧道",2.05101508465658e-06,0.34765625
96,"單路部分-地下道",1.01618474648894e-05,0.365885416666667
97,"單路部分-橋樑",6.19965923316648e-05,0.41015625
98,"單路部分-涵洞",1.77133120947614e-05,0.375
99,"交岔路口-交岔路口內",0.0223773203972704,0.576822916666667
100,"路段-公車專用道",5.96658933718278e-06,0.361979166666667
101,"路段-機車專用道",6.71241300433062e-05,0.421875
102,"路段-機車優先道",0.000247706685451479,0.450520833333333
103,"路段-路肩、路緣",0.00032033126504,0.475260416666667
104,"交流道-加速車道",3.9155742525262e-06,0.35546875
105,"交流道-減速車道",1.9577871262631e-06,0.346354166666667
106,"交流道-直線匝道",5.33263922010711e-05,0.395833333333333
107,"交流道-環道匝道",6.15304525396974e-06,0.368489583333333
108,"其他-行人穿越道",0.000244909846699674,0.438802083333333
109,"其他-穿越道附近",3.03923144362748e-05,0.39453125
110,"交岔路口-交岔路口附近",0.00432372625437286,0.563802083333333
111,"其他-人行道",0.000104135629525518,0.432291666666667
112,"其他-收費站附近",0.000151402204431013,0.46875
114,"交岔路口-機車待轉區",4.34442286113621e-05,0.391927083333333
115,"交岔路口-機車停等區",0.000211813921469989,0.436197916666667
116,"路段-交通島(含槽化線)",2.82480713932247e-05,0.39453125
117,"路段-迴轉道",5.8733613787893e-06,0.358072916666667
118,"路段-快車道",0.00332833134260566,0.555989583333333
119,"路段-慢車道",0.0032147796892824,0.5546875
120,"路段-一般車道(未劃分快慢車道)",0.00948081722882504,0.5859375
126,"柏油",0.0440297934180316,0.634114583333333
127,"水泥",5.97591213302213e-05,0.428385416666667
128,"碎石",9.18295390175787e-05,0.4453125
130,"無鋪裝",7.15058440877999e-05,0.427083333333333
131,"冰雪",1.43571055925961e-05,0.381510416666667
132,"油滑",3.4307888688801e-05,0.395833333333333
133,"泥濘",2.80616154764378e-05,0.403645833333333
134,"濕潤",0.00303736688445961,0.571614583333333
135,"乾燥",0.0411387012002913,0.630208333333333
136,"路面鬆軟",3.21636456457509e-05,0.41015625
137,"突出(高低)不平",3.79437790661467e-05,0.412760416666667
138,"有坑洞",8.64223174307568e-05,0.432291666666667
139,"無缺陷",0.0440944003931982,0.634114583333333
145,"道路工事(程)中",0.000133875348253039,0.451822916666667
146,"有堆積物",1.37977378422352e-05,0.388020833333333
147,"路上有停車",0.000333569635131875,0.498697916666667
149,"無障礙物",0.0437697806420721,0.634114583333333
150,"彎道",0.000112712601697718,0.4453125
151,"坡道",2.79683875180443e-05,0.403645833333333
152,"建築物",9.88216358970898e-05,0.421875
153,"樹木、農作物",2.58241444749942e-05,0.3984375
154,"路上停放車輛",0.00031576309507872,0.490885416666667
156,"視距良好",0.0436698402706743,0.630208333333333
157,"行車管制號誌",0.0128544573592099,0.58984375
158,"行車管制號誌(含行人專用號誌)",0.00408040128296587,0.553385416666667
159,"閃光號誌",0.00195610902301202,0.5234375
161,"號誌動作正常",0.0187663218848157,0.596354166666667
162,"號誌動作不正常",2.51715487662398e-05,0.393229166666667
163,"無動作",9.71435326460071e-05,0.415364583333333
164,"無號誌",0.0253658358315319,0.627604166666667
165,"中央分向島-寬式(50公分以上)",0.00690735266533139,0.587239583333333
166,"無分向設施",0.0204489933058597,0.602864583333333
167,"中央分向島-窄式附柵欄",0.00018319293824319,0.479166666666667
168,"中央分向島-窄式無柵欄",0.00118446121138917,0.5234375
169,"雙向禁止超車線-附標記",0.00106615493218785,0.53515625
170,"雙向禁止超車線-無標記",0.0110887198272374,0.59765625
171,"單向禁止超車線-附標記",1.64081206772526e-05,0.3828125
172,"單向禁止超車線-無標記",0.000146181438760978,0.4375
173,"行車分向線-附標記",0.000581369548541747,0.494791666666667
174,"行車分向線-無標記",0.0026299607062801,0.55859375
175,"禁止變換車道線(附標記)",0.000222255452810058,0.463541666666667
176,"禁止變換車道線(無標記)",0.0012612810491054,0.524739583333333
177,"車道線(附標記)",0.00134872887407849,0.544270833333333
178,"車道線(無標記)",0.0127604835771493,0.609375
179,"無繪設車道線",0.0286590202338232,0.62109375
180,"寬式快慢車道分隔島(50公分以上)",0.000877834456233016,0.515625
181,"窄式快慢車道分隔島(附柵欄)",6.39543794579279e-05,0.438802083333333
182,"窄式快慢車道分隔島(無柵欄)",0.000308025174532061,0.489583333333333
183,"快慢車道分隔線",0.00989120670167314,0.60546875
184,"無繪設快慢車道分隔線",0.0437319300909644,0.6328125
189,"人與汽(機)車-對向通行中",7.65401538410478e-05,0.412760416666667
190,"車與車-對撞",0.000256376885582072,0.454427083333333
191,"車與車-對向擦撞",0.000943094027108453,0.497395833333333
192,"車與車-同向擦撞",0.00408030805500748,0.53125
193,"車與車-追撞",0.00556067480633756,0.53125
194,"車與車-倒車撞",0.000602159383263493,0.47265625
195,"車與車-路口交岔撞",0.00418742697920159,0.490885416666667
196,"車與車-側撞",0.0232867591313988,0.575520833333333
198,"汽(機)車本身-路上翻車、摔倒",0.00233274997492168,0.51171875
199,"汽(機)車本身-衝出路外",6.106431274773e-05,0.415364583333333
200,"人與汽(機)車-同向通行中",0.000258241444749942,0.455729166666667
201,"汽(機)車本身-撞路欄(樁)",0.000132756612752317,0.447916666666667
202,"汽(機)車本身-撞號誌、標誌桿",4.25119490274273e-05,0.40625
204,"汽(機)車本身-撞交通島",0.000115136528615949,0.427083333333333
205,"汽(機)車本身-撞非固定設施",2.4425725099092e-05,0.375
206,"汽(機)車本身-撞橋樑、建築物",3.09516821866357e-05,0.40234375
207,"汽(機)車本身-撞路樹、電桿",0.000150656380763865,0.434895833333333
208,"汽(機)車本身-撞動物",0.000148325681804028,0.40234375
209,"汽(機)車本身-撞工程施工",0.000458028959587172,0.48828125
211,"人與汽(機)車-穿越道路中",0.00108955514974461,0.490885416666667
217,"人與汽(機)車-在路上嬉戲",2.05101508465658e-06,0.34765625
218,"人與汽(機)車-在路上作業中",1.21196345911525e-05,0.380208333333333
219,"人與汽(機)車-衝進路中",2.18153422640745e-05,0.385416666666667
220,"人與汽(機)車-從停車後(或中)穿出",8.01760442183936e-06,0.365885416666667
221,"人與汽(機)車-佇立路邊(外)",0.000406194214720396,0.479166666666667
223,"戴安全帽或繫安全帶(使用幼童安全椅)",0.0358018667220565,0.62890625
224,"未戴安全帽或未繫安全帶(未使用幼童安全椅)",0.00593358663991149,0.591145833333333
226,"其他(行人、慢車駕駛人、汽車後座乘客)",0.042041334293457,0.6328125
232,"大客車-公營公車",6.15304525396974e-06,0.369791666666667
233,"大客車-民營公車",0.000114483932907195,0.4296875
235,"大客車-民營客運",7.25313516301281e-05,0.416666666666667
236,"大客車-遊覽車",1.48232453845635e-05,0.385416666666667
238,"大貨車-營業用",0.000104881453192666,0.4375
239,"大貨車-自用",0.000238850029404098,0.467447916666667
240,"全聯結車-營業用",3.35620650216531e-06,0.35546875
242,"半聯結車-營業用",4.9037906114971e-05,0.40625
243,"半聯結車-自用",2.05101508465658e-06,0.34765625
244,"曳引車-營業用",9.56518853117114e-05,0.432291666666667
245,"曳引車-自用",1.2212862549546e-05,0.384114583333333
246,"小客車-計程車",0.00045691022408645,0.459635416666667
247,"小客車-租賃車",0.000345129901972666,0.46484375
248,"小客車-自用",0.0141041781414745,0.561197916666667
249,"小貨車(含客、貨兩用)-營業用",0.000137324782713597,0.43359375
250,"小貨車(含客、貨兩用)-自用",0.00262119727819111,0.533854166666667
251,"機車-大型重型1(550C.C.以上)",7.85911689257044e-05,0.416666666666667
252,"機車-大型重型2(250-550C.C.)",0.000145808526927404,0.4453125
253,"機車-普通重型",0.0237890713712229,0.567708333333333
254,"機車-普通輕型",0.00039370166829567,0.463541666666667
259,"特種車-救護車",2.14424304305006e-06,0.348958333333333
260,"特種車-消防車",1.9577871262631e-06,0.346354166666667
261,"特種車-警備車",4.10203016931316e-06,0.358072916666667
262,"特種車-工程車",2.05101508465658e-06,0.34765625
264,"慢車-腳踏自行車",0.000531679046718022,0.475260416666667
265,"慢車-電動輔助自行車",8.74478249730851e-05,0.419270833333333
266,"慢車-電動自行車",0.000476394867390687,0.47265625
267,"慢車-人力車",1.86455916786962e-06,0.345052083333333
268,"慢車-獸力車",5.8733613787893e-06,0.360677083333333
271,"其他車-農耕用車(或機械)",5.78013342039582e-06,0.360677083333333
272,"其他車-動力機械",4.12067576099186e-05,0.408854166666667
274,"其他車-火車",2.05101508465658e-06,0.34765625
276,"人-行人",0.000334035774923842,0.421875
277,"人-乘客",1.62216647604657e-05,0.389322916666667
279,"車的狀態-起步",0.00263033361811367,0.5078125
280,"車的狀態-插入行列",8.10150958439349e-05,0.403645833333333
281,"車的狀態-迴轉或橫越道路中",0.00171856418502543,0.49609375
282,"車的狀態-急減速或急停止",0.000157089109893015,0.43359375
283,"車的狀態-靜止(引擎熄火)",0.000274183425635227,0.440104166666667
284,"車的狀態-停等(引擎未熄火)",0.00118091854897022,0.515625
286,"人的狀態-步行",0.000249571244619348,0.41015625
287,"人的狀態-靜立(止)",7.8311485050524e-06,0.360677083333333
288,"人的狀態-奔跑",4.78259426558557e-05,0.388020833333333
289,"人的狀態-上、下車",2.05101508465658e-06,0.34765625
290,"車的狀態-倒車",0.000835042823330408,0.497395833333333
293,"車的狀態-停車操作中",0.000160911456187148,0.436197916666667
294,"車的狀態-超車(含超越)",0.000530280627342119,0.46484375
295,"車的狀態-左轉彎",0.00838119345957393,0.540364583333333
296,"車的狀態-右轉彎",0.00504008988666836,0.536458333333333
297,"車的狀態-向左變換車道",0.000938619085105566,0.484375
298,"車的狀態-向右變換車道",0.00109179262074605,0.485677083333333
299,"車的狀態-向前直行中",0.0209422624337196,0.596354166666667
300,"有適當之駕照",0.0396625297070889,0.611979166666667
301,"無照(未達考照年齡)",0.000372445693781956,0.4765625
302,"無照(已達考照年齡)",0.00149556290854822,0.526041666666667
303,"越級駕駛",0.000448706163747824,0.477864583333333
304,"駕照被吊扣",8.10150958439349e-05,0.428385416666667
305,"駕照被吊(註)銷",0.000812947797191154,0.505208333333333
307,"非汽(機)車駕駛人",0.00145705976173171,0.53125
308,"經觀察未飲酒",0.00109533528316501,0.528645833333333
309,"非駕駛人，未檢測",0.000667046042305356,0.524739583333333
311,"經檢測無酒精反應",0.0411002912814332,0.6171875
312,"經呼氣檢測未超過0.15mg/L或血液檢測未超過0.3%",0.000188879843705192,0.475260416666667
313,"經呼氣檢測0.16~0.25mg/L或血液檢測0.31~0.5%",0.000145901754885798,0.444010416666667
314,"經呼氣檢測0.26~0.40mg/L或血液檢測0.51~0.8%",0.00012828167074943,0.45703125
315,"經呼氣檢測0.41~0.55mg/L或血液檢測0.81~0.11%",0.000109169939278766,0.434895833333333
316,"經呼氣檢測0.56~0.80mg/L或血液檢測0.111~0.16%",0.000189532439413947,0.44921875
317,"經呼氣檢測超過0.80mg/L或血液檢測超過0.16%",0.000375149304575367,0.475260416666667
318,"無法檢測",0.000330679568421677,0.489583333333333
319,"駕駛人-違規超車",0.000388947042417602,0.440104166666667
320,"駕駛人-迴轉未依規定",0.000821897681196928,0.450520833333333
321,"駕駛人-橫越道路不慎",0.000103576261775157,0.393229166666667
322,"駕駛人-倒車未依規定",0.00067814016935418,0.462239583333333
323,"駕駛人-超速失控",0.000197550043835786,0.434895833333333
324,"駕駛人-未依規定減速",0.000297490415233598,0.444010416666667
325,"駕駛人-搶越行人穿越道",0.000398922433965705,0.430989583333333
326,"駕駛人-未保持行車安全距離",0.00239036485320885,0.481770833333333
327,"駕駛人-未保持行車安全間隔",0.00077052907612212,0.470052083333333
328,"駕駛人-停車操作時，未注意其他車(人)安全",0.000116348492075064,0.41796875
329,"駕駛人-起步未注意其他車(人)安全",0.00235829443552149,0.481770833333333
330,"駕駛人-爭(搶)道行駛",2.61970563085681e-05,0.390625
332,"駕駛人-酒醉(後)駕駛失控",0.000171725899360792,0.442708333333333
333,"駕駛人-疲勞(患病)駕駛失控",7.93369925928522e-05,0.415364583333333
334,"駕駛人-未注意車前狀態",0.00964079640542825,0.55859375
336,"駕駛人-違反號誌管制或指揮",0.00248163502447607,0.477864583333333
337,"駕駛人-違反特定標誌(線)禁制",0.002428308632275,0.48828125
338,"燈光-未依規定使用燈光",0.000115882352283097,0.40234375
341,"駕駛人-蛇行、方向不定",5.21144287419558e-05,0.40625
342,"裝載-裝載貨物不穩妥",1.80862239283353e-05,0.376302083333333
343,"裝載-載貨超重而失控",2.14424304305006e-06,0.348958333333333
345,"裝載-貨物超長、寬、高而肇事",4.10203016931316e-06,0.36328125
346,"裝載-裝卸貨不當",5.96658933718278e-06,0.361979166666667
348,"裝載-未待乘客安全上下開車",3.9155742525262e-06,0.34765625
349,"裝載-其他裝載不當肇事",1.80862239283353e-05,0.376302083333333
350,"其他-違規停車或暫停不當而肇事",0.000112339689864144,0.424479166666667
352,"駕駛人-逆向行駛",0.000439849507700443,0.453125
353,"其他-開啟車門不當而肇事",0.000395752683380326,0.423177083333333
354,"其他-使用手持行動電話失控",0.00441658130093276,0.54296875
357,"無(車輛駕駛人因素)-尚未發現肇事因素",0.000893962893035088,0.49609375
358,"機件-煞車失靈",1.4543561509383e-05,0.373697916666667
361,"機件-車輪脫落或輪胎爆裂",1.62216647604657e-05,0.373697916666667
362,"機件-車輛零件脫落",1.41706496758091e-05,0.384114583333333
363,"駕駛人-未靠右行駛",0.000251715487662398,0.424479166666667
365,"行人(或乘客)-未依規定行走行人穿越道、地下道、天橋而穿越道路",0.000217873738765565,0.4140625
366,"行人(或乘客)-未依標誌、標線、號誌或手勢指揮穿越道路",5.09024652828406e-05,0.38671875
367,"行人(或乘客)-穿越道路未注意左右來車",4.21390371938534e-05,0.3828125
368,"行人(或乘客)-在道路上嬉戲或奔走不定",7.64469258826543e-06,0.364583333333333
370,"行人(或乘客)-上下車輛未注意安全",1.9577871262631e-06,0.346354166666667
373,"行人(或乘客)-在路上工作未設適當標識",4.82920824478231e-05,0.399739583333333
374,"駕駛人-未依規定讓車",0.0112959655787461,0.513020833333333
376,"交通管制(設施)-路況危險無安全(警告)設施",1.9577871262631e-06,0.346354166666667
379,"交通管制(設施)-平交道看守疏失或未放柵欄",1.9577871262631e-06,0.346354166666667
382,"無(非車輛駕駛人因素)-尚未發現肇事因素",3.56130801063097e-05,0.412760416666667
383,"駕駛人-變換車道或方向不當",0.00153192181232168,0.471354166666667
384,"駕駛人-左轉彎未依規定",0.00128962234845702,0.458333333333333
385,"駕駛人-右轉彎未依規定",0.000890699914491317,0.450520833333333
