factor_id,near_id,weight,color,level
10,10,0,#ffcc33,起始點
10,184,758,#699c4c,第1層
10,139,755,#699c4c,第1層
10,126,753,#699c4c,第1層
10,226,753,#699c4c,第1層
10,17,751,#699c4c,第1層
10,149,751,#699c4c,第1層
10,156,743,#699c4c,第1層
10,311,695,#699c4c,第1層
10,135,682,#699c4c,第1層
10,300,682,#699c4c,第1層
10,223,656,#699c4c,第1層
10,8,649,#699c4c,第1層
10,179,505,#699c4c,第1層
10,164,444,#699c4c,第1層
10,253,404,#699c4c,第1層
10,166,387,#699c4c,第1層
10,99,369,#699c4c,第1層
10,196,368,#699c4c,第1層
8,9,14634,#0066cc,第2層
184,299,10364,#0066cc,第2層
226,299,10318,#0066cc,第2層
139,299,10314,#0066cc,第2層
126,299,10311,#0066cc,第2層
17,299,10281,#0066cc,第2層
149,299,10225,#0066cc,第2層
156,299,10210,#0066cc,第2層
135,299,9554,#0066cc,第2層
8,299,9292,#0066cc,第2層
139,161,9037,#0066cc,第2層
126,161,9028,#0066cc,第2層
17,161,9017,#0066cc,第2層
156,161,9005,#0066cc,第2層
149,161,8987,#0066cc,第2層
223,299,8894,#0066cc,第2層
135,161,8464,#0066cc,第2層
17,93,8434,#0066cc,第2層
8,161,8209,#0066cc,第2層
8,93,7703,#0066cc,第2層
253,299,7235,#0066cc,第2層
17,87,7168,#0066cc,第2層
226,248,6945,#0066cc,第2層
184,248,6936,#0066cc,第2層
139,248,6913,#0066cc,第2層
126,248,6909,#0066cc,第2層
17,248,6896,#0066cc,第2層
149,248,6868,#0066cc,第2層
156,248,6852,#0066cc,第2層
99,161,6621,#0066cc,第2層
179,299,6575,#0066cc,第2層
8,87,6518,#0066cc,第2層
135,248,6467,#0066cc,第2層
164,299,6403,#0066cc,第2層
8,248,6340,#0066cc,第2層
126,178,6236,#0066cc,第2層
139,178,6235,#0066cc,第2層
156,178,6206,#0066cc,第2層
17,178,6203,#0066cc,第2層
139,157,6188,#0066cc,第2層
126,157,6186,#0066cc,第2層
149,178,6174,#0066cc,第2層
17,157,6171,#0066cc,第2層
156,157,6166,#0066cc,第2層
149,157,6152,#0066cc,第2層
223,248,5924,#0066cc,第2層
135,157,5793,#0066cc,第2層
135,178,5790,#0066cc,第2層
184,374,5623,#0066cc,第2層
8,178,5616,#0066cc,第2層
139,374,5609,#0066cc,第2層
8,157,5607,#0066cc,第2層
226,374,5605,#0066cc,第2層
126,374,5600,#0066cc,第2層
17,374,5599,#0066cc,第2層
149,374,5573,#0066cc,第2層
156,374,5524,#0066cc,第2層
126,170,5477,#0066cc,第2層
139,170,5466,#0066cc,第2層
17,170,5464,#0066cc,第2層
156,170,5433,#0066cc,第2層
149,170,5427,#0066cc,第2層
311,374,5419,#0066cc,第2層
135,374,5288,#0066cc,第2層
300,374,5180,#0066cc,第2層
8,374,5128,#0066cc,第2層
135,170,5089,#0066cc,第2層
126,183,4958,#0066cc,第2層
139,183,4948,#0066cc,第2層
8,170,4947,#0066cc,第2層
17,183,4941,#0066cc,第2層
156,183,4921,#0066cc,第2層
149,183,4904,#0066cc,第2層
223,374,4858,#0066cc,第2層
99,299,4826,#0066cc,第2層
